Designator,Val,Package,Mid X,Mid Y,Rotation,Layer
C1,1nF,C_1206_3216Metric,96.800000,-80.500000,0.000000,top
C2,1nF,C_1206_3216Metric,122.150000,-80.500000,180.000000,top
D1,P6SMB6.8CA,D_SMB,109.500000,-85.500000,90.000000,top
J1,USB_C_Receptacle_USB2.0,USB_C_Receptacle_Palconn_UTC16-G,89.300000,-85.000000,270.000000,top
J3,USB_C_Receptacle_USB2.0,USB_C_Receptacle_Palconn_UTC16-G,129.650000,-85.000000,90.000000,top
R1,100kR,R_1206_3216Metric,96.800000,-83.000000,180.000000,top
R2,10kR,R_0402_1005Metric,96.800000,-85.000000,180.000000,top
R3,10kR,R_0402_1005Metric,96.800000,-86.500000,180.000000,top
R4,10kR,R_0402_1005Metric,122.150000,-86.500000,0.000000,top
R5,10kR,R_0402_1005Metric,122.150000,-85.000000,0.000000,top
R6,100kR,R_1206_3216Metric,122.150000,-83.000000,0.000000,top
